{"Logistic Regression": {"0": {"precision": 0.8488372093023255, "recall": 0.7156862745098039, "f1-score": 0.776595744680851, "support": 102.0}, "1": {"precision": 0.7563025210084033, "recall": 0.8737864077669902, "f1-score": 0.8108108108108109, "support": 103.0}, "accuracy": 0.7951219512195122, "macro avg": {"precision": 0.8025698651553644, "recall": 0.7947363411383971, "f1-score": 0.7937032777458309, "support": 205.0}, "weighted avg": {"precision": 0.8023441707936719, "recall": 0.7951219512195122, "f1-score": 0.7937867291266357, "support": 205.0}}, "Decision Tree": {"0": {"precision": 0.9714285714285714, "recall": 1.0, "f1-score": 0.9855072463768116, "support": 102.0}, "1": {"precision": 1.0, "recall": 0.970873786407767, "f1-score": 0.9852216748768473, "support": 103.0}, "accuracy": 0.9853658536585366, "macro avg": {"precision": 0.9857142857142858, "recall": 0.9854368932038835, "f1-score": 0.9853644606268295, "support": 205.0}, "weighted avg": {"precision": 0.9857839721254356, "recall": 0.9853658536585366, "f1-score": 0.9853637641109759, "support": 205.0}}, "Random Forest": {"0": {"precision": 0.9714285714285714, "recall": 1.0, "f1-score": 0.9855072463768116, "support": 102.0}, "1": {"precision": 1.0, "recall": 0.970873786407767, "f1-score": 0.9852216748768473, "support": 103.0}, "accuracy": 0.9853658536585366, "macro avg": {"precision": 0.9857142857142858, "recall": 0.9854368932038835, "f1-score": 0.9853644606268295, "support": 205.0}, "weighted avg": {"precision": 0.9857839721254356, "recall": 0.9853658536585366, "f1-score": 0.9853637641109759, "support": 205.0}}, "SVM": {"0": {"precision": 0.9340659340659341, "recall": 0.8333333333333334, "f1-score": 0.8808290155440415, "support": 102.0}, "1": {"precision": 0.8508771929824561, "recall": 0.941747572815534, "f1-score": 0.8940092165898618, "support": 103.0}, "accuracy": 0.8878048780487805, "macro avg": {"precision": 0.8924715635241951, "recall": 0.8875404530744337, "f1-score": 0.8874191160669516, "support": 205.0}, "weighted avg": {"precision": 0.8922686641556987, "recall": 0.8878048780487805, "f1-score": 0.8874512628987706, "support": 205.0}}, "KNN": {"0": {"precision": 0.8777777777777778, "recall": 0.7745098039215687, "f1-score": 0.8229166666666666, "support": 102.0}, "1": {"precision": 0.8, "recall": 0.8932038834951457, "f1-score": 0.8440366972477065, "support": 103.0}, "accuracy": 0.8341463414634146, "macro avg": {"precision": 0.8388888888888889, "recall": 0.8338568437083571, "f1-score": 0.8334766819571866, "support": 205.0}, "weighted avg": {"precision": 0.83869918699187, "recall": 0.8341463414634146, "f1-score": 0.8335281942268965, "support": 205.0}}, "Naive_Bayes": {"0": {"precision": 0.8674698795180723, "recall": 0.7058823529411765, "f1-score": 0.7783783783783784, "support": 102.0}, "1": {"precision": 0.7540983606557377, "recall": 0.8932038834951457, "f1-score": 0.8177777777777778, "support": 103.0}, "accuracy": 0.8, "macro avg": {"precision": 0.810784120086905, "recall": 0.7995431182181612, "f1-score": 0.7980780780780781, "support": 205.0}, "weighted avg": {"precision": 0.8105076041872408, "recall": 0.8, "f1-score": 0.7981741741741742, "support": 205.0}}}